date,campaign_id,channel,spend_usd,new_members,net_revenue_usd
2026-09-01,C0,Search,636.88,16,2188.8
2026-09-01,C1,Social,640.27,13,1778.4
2026-09-01,C2,Display,304.28,12,1641.6000000000001
2026-09-01,C3,Affiliate,331.84,21,2872.8
2026-09-02,C0,Search,670.14,13,1778.4
2026-09-02,C1,Social,304.05,20,2736.0
2026-09-02,C2,Display,455.52,22,3009.6000000000004
2026-09-02,C3,Affiliate,375.03,10,1368.0
2026-09-03,C0,Search,391.01,16,2188.8
2026-09-03,C1,Social,531.08,19,2599.2000000000003
2026-09-03,C2,Display,481.41,10,1368.0
2026-09-03,C3,Affiliate,675.83,11,1504.8000000000002
2026-09-04,C0,Search,447.29,17,2325.6000000000004
2026-09-04,C1,Social,439.01,12,1641.6000000000001
2026-09-04,C2,Display,364.87,18,2462.4
2026-09-04,C3,Affiliate,642.84,8,1094.4
2026-09-05,C0,Search,497.99,11,1504.8000000000002
2026-09-05,C1,Social,637.03,22,3009.6000000000004
2026-09-05,C2,Display,321.81,8,1094.4
2026-09-05,C3,Affiliate,581.32,19,2599.2000000000003
2026-09-06,C0,Search,663.43,8,1094.4
2026-09-06,C1,Social,259.2,19,2599.2000000000003
2026-09-06,C2,Display,630.18,22,3009.6000000000004
2026-09-06,C3,Affiliate,297.47,19,2599.2000000000003
2026-09-07,C0,Search,505.08,19,2599.2000000000003
2026-09-07,C1,Social,428.15,19,2599.2000000000003
2026-09-07,C2,Display,326.83,10,1368.0
2026-09-07,C3,Affiliate,601.02,14,1915.2000000000003
2026-09-08,C0,Search,458.09,14,1915.2000000000003
2026-09-08,C1,Social,530.62,11,1504.8000000000002
2026-09-08,C2,Display,333.65,22,3009.6000000000004
2026-09-08,C3,Affiliate,274.72,21,2872.8
2026-09-09,C0,Search,474.47,15,2052.0
2026-09-09,C1,Social,320.05,12,1641.6000000000001
2026-09-09,C2,Display,547.16,12,1641.6000000000001
2026-09-09,C3,Affiliate,543.27,16,2188.8
2026-09-10,C0,Search,388.11,19,2599.2000000000003
2026-09-10,C1,Social,384.41,10,1368.0
2026-09-10,C2,Display,418.7,9,1231.2
2026-09-10,C3,Affiliate,339.2,22,3009.6000000000004
2026-09-11,C0,Search,328.11,16,2188.8
2026-09-11,C1,Social,405.59,22,3009.6000000000004
2026-09-11,C2,Display,572.4,11,1504.8000000000002
2026-09-11,C3,Affiliate,537.82,13,1778.4
2026-09-12,C0,Search,290.68,22,3009.6000000000004
2026-09-12,C1,Social,585.45,17,2325.6000000000004
2026-09-12,C2,Display,467.68,10,1368.0
2026-09-12,C3,Affiliate,524.62,12,1641.6000000000001
2026-09-13,C0,Search,380.03,10,1368.0
2026-09-13,C1,Social,275.26,21,2872.8
2026-09-13,C2,Display,501.74,15,2052.0
2026-09-13,C3,Affiliate,532.28,18,2462.4
2026-09-14,C0,Search,288.77,22,3009.6000000000004
2026-09-14,C1,Social,383.81,9,1231.2
2026-09-14,C2,Display,429.57,21,2872.8
2026-09-14,C3,Affiliate,557.46,19,2599.2000000000003
2026-09-15,C0,Search,565.85,20,2736.0
2026-09-15,C1,Social,334.61,18,2462.4
2026-09-15,C2,Display,438.49,20,2736.0
2026-09-15,C3,Affiliate,690.93,18,2462.4
2026-09-16,C0,Search,309.15,15,2052.0
2026-09-16,C1,Social,647.51,19,2599.2000000000003
2026-09-16,C2,Display,315.2,12,1641.6000000000001
2026-09-16,C3,Affiliate,587.34,12,1641.6000000000001
2026-09-17,C0,Search,457.8,19,2599.2000000000003
2026-09-17,C1,Social,440.6,17,2325.6000000000004
2026-09-17,C2,Display,523.0,10,1368.0
2026-09-17,C3,Affiliate,668.14,20,2736.0
2026-09-18,C0,Search,378.83,10,1368.0
2026-09-18,C1,Social,648.99,19,2599.2000000000003
2026-09-18,C2,Display,657.06,19,2599.2000000000003
2026-09-18,C3,Affiliate,517.86,9,1231.2
2026-09-19,C0,Search,370.44,19,2599.2000000000003
2026-09-19,C1,Social,519.38,10,1368.0
2026-09-19,C2,Display,464.94,17,2325.6000000000004
2026-09-19,C3,Affiliate,360.78,20,2736.0
2026-09-20,C0,Search,536.47,13,1778.4
2026-09-20,C1,Social,320.31,8,1094.4
2026-09-20,C2,Display,308.7,14,1915.2000000000003
2026-09-20,C3,Affiliate,528.88,9,1231.2
2026-09-21,C0,Search,455.66,14,1915.2000000000003
2026-09-21,C1,Social,642.54,20,2736.0
2026-09-21,C2,Display,319.04,10,1368.0
2026-09-21,C3,Affiliate,624.84,9,1231.2
2026-09-22,C0,Search,550.87,9,1231.2
2026-09-22,C1,Social,552.75,22,3009.6000000000004
2026-09-22,C2,Display,427.71,17,2325.6000000000004
2026-09-22,C3,Affiliate,378.17,13,1778.4
2026-09-23,C0,Search,417.37,16,2188.8
2026-09-23,C1,Social,372.05,13,1778.4
2026-09-23,C2,Display,649.05,9,1231.2
2026-09-23,C3,Affiliate,332.23,21,2872.8
2026-09-24,C0,Search,495.41,15,2052.0
2026-09-24,C1,Social,492.82,21,2872.8
2026-09-24,C2,Display,357.35,9,1231.2
2026-09-24,C3,Affiliate,576.91,15,2052.0
2026-09-25,C0,Search,263.02,8,1094.4
2026-09-25,C1,Social,560.18,20,2736.0
2026-09-25,C2,Display,634.62,14,1915.2000000000003
2026-09-25,C3,Affiliate,455.61,8,1094.4
2026-09-26,C0,Search,473.07,12,1641.6000000000001
2026-09-26,C1,Social,465.5,14,1915.2000000000003
2026-09-26,C2,Display,453.48,16,2188.8
2026-09-26,C3,Affiliate,335.29,22,3009.6000000000004
2026-09-27,C0,Search,571.68,22,3009.6000000000004
2026-09-27,C1,Social,420.07,22,3009.6000000000004
2026-09-27,C2,Display,293.11,8,1094.4
2026-09-27,C3,Affiliate,545.25,13,1778.4
2026-09-28,C0,Search,429.87,15,2052.0
2026-09-28,C1,Social,270.15,14,1915.2000000000003
2026-09-28,C2,Display,269.87,9,1231.2
2026-09-28,C3,Affiliate,647.31,15,2052.0
