week,channel,spend_usd,new_members,net_revenue_usd,cac_usd
2026-35,Affiliate,2904.33,88,12038.400000000001,33.00375
2026-35,Display,2558.0699999999997,92,12585.6,27.80510869565217
2026-35,Search,3306.74,81,11080.800000000001,40.82395061728395
2026-35,Social,2810.64,105,14364.000000000002,26.767999999999997
2026-36,Affiliate,3352.93,116,15868.800000000001,28.90456896551724
2026-36,Display,3168.16,89,12175.2,35.59730337078651
2026-36,Search,2824.57,115,15732.000000000002,24.561478260869567
2026-36,Social,2929.53,112,15321.600000000002,26.15651785714286
2026-37,Affiliate,3911.39,107,14637.6,36.55504672897196
2026-37,Display,3136.96,113,15458.400000000001,27.76070796460177
2026-37,Search,2907.31,118,16142.400000000001,24.63822033898305
2026-37,Social,3295.21,100,13680.000000000002,32.9521
2026-38,Affiliate,3248.3,101,13816.800000000001,32.161386138613864
2026-38,Display,3134.36,83,11354.400000000001,37.763373493975905
2026-38,Search,3227.08,96,13132.800000000001,33.61541666666667
2026-38,Social,3505.91,132,18057.600000000002,26.55992424242424
2026-39,Affiliate,647.31,15,2052.0,43.153999999999996
2026-39,Display,269.87,9,1231.2,29.985555555555557
2026-39,Search,429.87,15,2052.0,28.658
2026-39,Social,270.15,14,1915.2000000000003,19.29642857142857
